,game_id,probability
0,2002-1373-1108,0.6680113211842326
1,2002-1104-1194,0.8327115610416183
2,2002-1112-1364,0.2618229860718105
3,2002-1181-1457,0.23088095397823746
4,2002-1231-1428,0.4393791087686213
5,2002-1242-1221,0.13351928312745748
6,2002-1245-1329,0.42010598563831153
7,2002-1246-1434,0.7147221778330332
8,2002-1281-1274,0.5031372403466284
9,2002-1323-1150,0.6179968086191469
10,2002-1326-1172,0.7533891438210599
11,2002-1332-1285,0.827733673417149
12,2002-1390-1443,0.3944195434698031
13,2002-1409-1266,0.554806038329019
14,2002-1423-1425,0.4546217067932144
15,2002-1448-1337,0.3074844676598662
16,2002-1461-1211,0.638932975780622
17,2002-1143-1335,0.46060312400785935
18,2002-1153-1131,0.10253718851189822
19,2002-1163-1214,0.18701273201211238
20,2002-1166-1196,0.666056855658895
21,2002-1208-1293,0.2942339799476801
22,2002-1228-1361,0.7115802405690006
23,2002-1268-1373,0.22751595082751055
24,2002-1280-1270,0.6343911687399938
25,2002-1301-1277,0.3403258479656414
26,2002-1328-1227,0.22527344200268587
27,2002-1338-1148,0.7626303906384004
28,2002-1356-1403,0.4695376278549007
29,2002-1400-1130,0.7128685081018685
30,2002-1417-1279,0.3186044057090721
31,2002-1458-1385,0.4832948207565364
32,2002-1462-1218,0.31922301431134337
33,2002-1112-1461,0.7697888716187875
34,2002-1181-1323,0.773374489246557
35,2002-1231-1423,0.29381502137657756
36,2002-1242-1390,0.12156935041083661
37,2002-1245-1104,0.4476666909070987
38,2002-1246-1409,0.27020524309874827
39,2002-1281-1326,0.42813689621145945
40,2002-1332-1448,0.2320043875839162
41,2002-1163-1301,0.6075699484411845
42,2002-1228-1166,0.13929437834413408
43,2002-1268-1458,0.7323693384391456
44,2002-1328-1462,0.27454595941048765
45,2002-1338-1143,0.26718032507487466
46,2002-1356-1208,0.36467466128695425
47,2002-1400-1280,0.44232852731137584
48,2002-1417-1153,0.7284839285115969
49,2002-1231-1181,0.72254108013107
50,2002-1245-1338,0.4330687637162388
51,2002-1281-1417,0.5308759174618757
52,2002-1328-1112,0.49259645674287467
53,2002-1163-1356,0.1398271650104633
54,2002-1242-1228,0.14306160097868698
55,2002-1268-1246,0.592215414392643
56,2002-1332-1400,0.7680227917167612
57,2002-1231-1245,0.4828161546074234
58,2002-1328-1281,0.2516777846127873
59,2002-1242-1332,0.6252030723937222
60,2002-1268-1163,0.21542787489947843
61,2002-1231-1328,0.3712221919722255
62,2002-1268-1242,0.35279664319510706
63,2002-1268-1231,0.25905794639057467
64,2003-1421-1411,0.47256152169301857
65,2003-1112-1436,0.15873615050486758
66,2003-1113-1272,0.42095031250153847
67,2003-1141-1166,0.5244301305696623
68,2003-1143-1301,0.4976725573932314
69,2003-1163-1140,0.1545599148250764
70,2003-1181-1161,0.2445699473865644
71,2003-1211-1153,0.36727508686996146
72,2003-1228-1443,0.23323854556143434
73,2003-1242-1429,0.14327509876873706
74,2003-1266-1221,0.20042170687806438
75,2003-1281-1356,0.7263633278080388
76,2003-1323-1454,0.32200173706615837
77,2003-1328-1354,0.8791201465633854
78,2003-1390-1360,0.30531994060353845
79,2003-1409-1173,0.5304366984597741
80,2003-1458-1451,0.5892903420819473
81,2003-1120-1386,0.4252126099127768
82,2003-1139-1280,0.48400177950844736
83,2003-1196-1358,0.08787629518090971
84,2003-1231-1104,0.6660237732164703
85,2003-1246-1237,0.1390384775377044
86,2003-1257-1122,0.13698016421001402
87,2003-1268-1423,0.17505526643981048
88,2003-1277-1160,0.6573077295430261
89,2003-1329-1335,0.7842714405175155
90,2003-1338-1447,0.8551208937642394
91,2003-1345-1261,0.7534926835964699
92,2003-1393-1264,0.30087506808697095
93,2003-1400-1421,0.12027867478274336
94,2003-1428-1332,0.2898528341250094
95,2003-1448-1190,0.18224270496515282
96,2003-1462-1407,0.6231964390074916
97,2003-1112-1211,0.24459150705202115
98,2003-1163-1390,0.279080286973077
99,2003-1181-1141,0.3715881361862357
100,2003-1242-1113,0.7425796196625807
101,2003-1266-1281,0.666529346120742
102,2003-1323-1228,0.45857395251636973
103,2003-1328-1143,0.5806444182539581
104,2003-1458-1409,0.6890584300275063
105,2003-1120-1448,0.5117714285457262
106,2003-1139-1257,0.5884838420519887
107,2003-1246-1428,0.7908134985596768
108,2003-1268-1462,0.2506062927483905
109,2003-1277-1196,0.47230824479897593
110,2003-1338-1231,0.26471912973628564
111,2003-1393-1329,0.6659542921398455
112,2003-1400-1345,0.3810409958357712
113,2003-1112-1323,0.612320459146067
114,2003-1242-1181,0.5144309182837032
115,2003-1246-1458,0.7733467781279737
116,2003-1266-1338,0.5556358451010098
117,2003-1277-1268,0.4870262823767683
118,2003-1328-1139,0.25471864830553187
119,2003-1393-1120,0.7577406188197535
120,2003-1400-1163,0.47369856438114094
121,2003-1242-1112,0.3758027912970221
122,2003-1266-1246,0.16291879452812508
123,2003-1393-1328,0.6214934794684149
124,2003-1400-1277,0.36821141887756054
125,2003-1242-1266,0.17301491784156897
126,2003-1393-1400,0.3327690038066627
127,2003-1393-1242,0.5576337492337382
128,2004-1197-1250,0.5362556517945093
129,2004-1104-1356,0.6255645277863982
130,2004-1163-1436,0.05062517213821599
131,2004-1177-1173,0.6237803552659299
132,2004-1181-1106,0.8622573406209998
133,2004-1211-1434,0.8234871916769491
134,2004-1264-1196,0.5502888119353571
135,2004-1268-1431,0.6619483988578062
136,2004-1305-1277,0.269254191175071
137,2004-1314-1102,0.4223694539179249
138,2004-1371-1112,0.47746360078455735
139,2004-1386-1251,0.8002535411654742
140,2004-1390-1427,0.8273216172450458
141,2004-1393-1140,0.7804657820329565
142,2004-1400-1343,0.3035803360790124
143,2004-1403-1150,0.6510598544015749
144,2004-1448-1433,0.33619376693092606
145,2004-1130-1428,0.7940949425156445
146,2004-1153-1190,0.2989949458056786
147,2004-1210-1320,0.8304467617390484
148,2004-1228-1293,0.3927837089047062
149,2004-1242-1227,0.5831354965310445
150,2004-1246-1197,0.12885251292135994
151,2004-1272-1376,0.5784217338440609
152,2004-1280-1284,0.1800948623837496
153,2004-1301-1418,0.7172358785519003
154,2004-1329-1186,0.8377418167288166
155,2004-1334-1344,0.5123665305079966
156,2004-1338-1416,0.7119265640712867
157,2004-1412-1449,0.28455155055945525
158,2004-1435-1444,0.6123924225540112
159,2004-1458-1350,0.31730149049267464
160,2004-1462-1257,0.38320511537416935
161,2004-1104-1390,0.4484310348095058
162,2004-1163-1177,0.12858723994032537
163,2004-1181-1371,0.2512866202675306
164,2004-1305-1211,0.48189133505611614
165,2004-1386-1403,0.28457460357292697
166,2004-1393-1268,0.4404338164898802
167,2004-1400-1314,0.6972485977588894
168,2004-1448-1264,0.7232108061058227
169,2004-1210-1130,0.2815274740581386
170,2004-1228-1153,0.4426577802907574
171,2004-1242-1334,0.3430969548797877
172,2004-1329-1272,0.28758843612314866
173,2004-1338-1458,0.5366364827094062
174,2004-1412-1246,0.5777655160056272
175,2004-1435-1301,0.4682449107498969
176,2004-1462-1280,0.5107973858001785
177,2004-1104-1393,0.48662897196977395
178,2004-1163-1435,0.14016691424592065
179,2004-1329-1338,0.3703579824780804
180,2004-1386-1448,0.26135218715231695
181,2004-1181-1228,0.22053097098302518
182,2004-1210-1305,0.2540151728368164
183,2004-1242-1412,0.3883138139405074
184,2004-1462-1400,0.5006335056950927
185,2004-1163-1104,0.16435868794617986
186,2004-1329-1386,0.26967945662390796
187,2004-1181-1462,0.3047253946965182
188,2004-1210-1242,0.21287140864953133
189,2004-1163-1181,0.28959891245240194
190,2004-1210-1329,0.3163157745281191
191,2004-1163-1210,0.14504071770858012
192,2005-1324-1105,0.463368365489587
193,2005-1112-1429,0.19647636156445245
194,2005-1130-1335,0.6458855067106066
195,2005-1153-1234,0.415813677201076
196,2005-1211-1457,0.6872861655858081
197,2005-1228-1192,0.846504302811698
198,2005-1246-1184,0.7712759857985162
199,2005-1305-1400,0.37412602611994816
200,2005-1328-1310,0.1009200949563131
201,2005-1334-1338,0.6292290335815122
202,2005-1403-1417,0.619949712696531
203,2005-1412-1261,0.5237890942038359
204,2005-1428-1431,0.25395070657473096
205,2005-1448-1151,0.16046906027799523
206,2005-1449-1285,0.1505367934600536
207,2005-1452-1166,0.6009591547103259
208,2005-1454-1104,0.2659371360965524
209,2005-1137-1242,0.4772105845645921
210,2005-1163-1416,0.2502937117967562
211,2005-1181-1175,0.8521093664637294
212,2005-1196-1325,0.8226711774907789
213,2005-1210-1203,0.328178944822107
214,2005-1235-1278,0.4709284233750104
215,2005-1257-1418,0.8140725591689195
216,2005-1277-1330,0.7967399264069112
217,2005-1280-1390,0.2956617235325268
218,2005-1301-1150,0.7756072459690199
219,2005-1314-1324,0.1074053709944223
220,2005-1329-1368,0.8140231492072272
221,2005-1356-1388,0.31131433386873514
222,2005-1436-1393,0.5700197935168057
223,2005-1437-1307,0.3517977478890018
224,2005-1458-1320,0.31697395446507604
225,2005-1112-1412,0.7383638938552373
226,2005-1228-1305,0.1152447218415672
227,2005-1246-1153,0.26503118541119164
228,2005-1403-1211,0.4605580198336133
229,2005-1428-1328,0.5538777149611113
230,2005-1449-1334,0.5399880343679666
231,2005-1452-1448,0.29128227854530975
232,2005-1454-1130,0.4034728199280113
233,2005-1181-1280,0.7708065379162212
234,2005-1257-1210,0.17201597848073635
235,2005-1277-1436,0.176876662761758
236,2005-1301-1163,0.5757882852967806
237,2005-1314-1235,0.823329723167766
238,2005-1329-1356,0.33165643684759727
239,2005-1437-1196,0.4545423320353029
240,2005-1458-1137,0.30205295209057725
241,2005-1112-1329,0.3746092649262424
242,2005-1228-1454,0.1006163599838769
243,2005-1257-1449,0.1972934005133356
244,2005-1452-1403,0.5527445485190715
245,2005-1246-1428,0.6724816245559198
246,2005-1277-1181,0.5422931279118723
247,2005-1314-1437,0.19208660585552487
248,2005-1458-1301,0.49888876882228994
249,2005-1228-1112,0.3338475774881082
250,2005-1257-1452,0.1498804301823183
251,2005-1277-1246,0.45356642200323505
252,2005-1314-1458,0.1675488992151338
253,2005-1228-1257,0.2744088396049535
254,2005-1314-1277,0.24829930344171475
255,2005-1314-1228,0.4429839627779856
256,2006-1284-1214,0.6654277722858233
257,2006-1104-1266,0.6203074519316769
258,2006-1130-1334,0.7642863456485892
259,2006-1181-1380,0.2008662810416369
260,2006-1196-1375,0.7530994139672412
261,2006-1203-1423,0.39640566508051767
262,2006-1211-1462,0.7684578089612354
263,2006-1228-1102,0.4639934040167272
264,2006-1231-1361,0.3554411376699327
265,2006-1261-1233,0.2865852643016619
266,2006-1285-1305,0.5179508878769917
267,2006-1397-1457,0.25341599737960707
268,2006-1401-1393,0.284460520458696
269,2006-1417-1125,0.8456472688940545
270,2006-1449-1429,0.33108294034138686
271,2006-1454-1328,0.49343073395772935
272,2006-1455-1371,0.3020589061118448
273,2006-1112-1458,0.2501736268717892
274,2006-1133-1242,0.6666943173641479
275,2006-1137-1116,0.38295680468351967
276,2006-1163-1107,0.11577057649549427
277,2006-1206-1277,0.5271648908678227
278,2006-1207-1320,0.4238792473512001
279,2006-1246-1412,0.5558069823616786
280,2006-1272-1331,0.8282578634912106
281,2006-1301-1143,0.506902741813347
282,2006-1314-1293,0.2037890885611189
283,2006-1322-1234,0.6573299353030531
284,2006-1326-1172,0.1432259756028916
285,2006-1338-1245,0.6355210440452044
286,2006-1400-1335,0.8466629535991979
287,2006-1437-1284,0.9294913445684118
288,2006-1452-1356,0.6190464486390136
289,2006-1130-1285,0.1867126286685594
290,2006-1181-1203,0.27569305310779796
291,2006-1196-1454,0.19185915844760176
292,2006-1211-1231,0.6474462314634427
293,2006-1261-1401,0.35481776924727776
294,2006-1417-1104,0.7158866503938109
295,2006-1449-1228,0.44677002846512925
296,2006-1455-1397,0.4503090086911579
297,2006-1133-1338,0.5103080971368178
298,2006-1163-1246,0.7062657527053724
299,2006-1206-1314,0.46051888276297115
300,2006-1207-1326,0.6017866792506484
301,2006-1272-1137,0.6577530947306044
302,2006-1400-1301,0.8224352893871706
303,2006-1437-1112,0.32456480785036884
304,2006-1452-1322,0.6840552918156851
305,2006-1261-1181,0.43483315756837254
306,2006-1272-1133,0.13356958787765866
307,2006-1400-1452,0.24282374082466487
308,2006-1417-1211,0.547888995929775
309,2006-1163-1449,0.5624084035287547
310,2006-1196-1207,0.1766910467325523
311,2006-1206-1455,0.7274047760853051
312,2006-1437-1130,0.35928591824034806
313,2006-1261-1400,0.4462031715800471
314,2006-1417-1272,0.38860450375997246
315,2006-1196-1437,0.27321001322510957
316,2006-1206-1163,0.22661253792714786
317,2006-1196-1206,0.23708893315385388
318,2006-1417-1261,0.4593737787245273
319,2006-1196-1417,0.32175797964482855
320,2007-1310-1197,0.3681296936986694
321,2007-1130-1403,0.45919386279618973
322,2007-1139-1330,0.7662081978399012
323,2007-1207-1125,0.8979623054324933
324,2007-1231-1211,0.549763864742765
325,2007-1257-1390,0.7465111544779424
326,2007-1268-1172,0.802256887737372
327,2007-1277-1266,0.3611994413654754
328,2007-1314-1184,0.14292262404743836
329,2007-1326-1148,0.8959919891297987
330,2007-1338-1460,0.774508777175322
331,2007-1401-1335,0.1732999173328307
332,2007-1417-1451,0.8390283557018824
333,2007-1433-1181,0.3853415133727888
334,2007-1435-1203,0.691713309859336
335,2007-1450-1331,0.6995170552747378
336,2007-1462-1140,0.3184096097649539
337,2007-1196-1238,0.11331838336162743
338,2007-1242-1310,0.8668015981965074
339,2007-1246-1437,0.6740766520892053
340,2007-1272-1317,0.8361486115271465
341,2007-1305-1166,0.5486072506927882
342,2007-1332-1275,0.8397685764909883
343,2007-1345-1112,0.43319720536081685
344,2007-1356-1221,0.4123434867695439
345,2007-1397-1253,0.3025468817901159
346,2007-1400-1308,0.263017196417518
347,2007-1424-1210,0.7117636391837451
348,2007-1425-1116,0.6947492494246772
349,2007-1438-1107,0.2872224963548097
350,2007-1439-1228,0.2301052194227259
351,2007-1457-1323,0.7224052240989431
352,2007-1458-1394,0.8042826417839982
353,2007-1139-1268,0.5946802130937864
354,2007-1207-1130,0.7647820539479797
355,2007-1314-1277,0.17022663442008576
356,2007-1326-1462,0.7436678767585637
357,2007-1338-1433,0.5553335530905138
358,2007-1401-1257,0.34502905406228906
359,2007-1417-1231,0.19654567125071373
360,2007-1435-1450,0.6058435100632825
361,2007-1196-1345,0.22267832545520058
362,2007-1242-1246,0.16383191454416915
363,2007-1272-1305,0.7130531913920384
364,2007-1332-1457,0.6390915440797708
365,2007-1356-1439,0.4276527077085232
366,2007-1397-1438,0.638526083187446
367,2007-1424-1458,0.29441146583322986
368,2007-1425-1400,0.40655998442288066
369,2007-1242-1356,0.33809609039376765
370,2007-1272-1401,0.19662566095550535
371,2007-1326-1397,0.20087572379185492
372,2007-1417-1338,0.2706772466760013
373,2007-1196-1139,0.7017126694173462
374,2007-1207-1435,0.22575493449471623
375,2007-1314-1425,0.8414101460460591
376,2007-1332-1424,0.2265875802006435
377,2007-1326-1272,0.3098259857709963
378,2007-1417-1242,0.3594966796529106
379,2007-1196-1332,0.18152040870494843
380,2007-1207-1314,0.43371968062438665
381,2007-1196-1417,0.2675912185571164
382,2007-1326-1207,0.35942366123507224
383,2007-1196-1326,0.23943347933655054
384,2008-1291-1164,0.5992232551544697
385,2008-1181-1125,0.8347553048069406
386,2008-1242-1340,0.08756912155810975
387,2008-1243-1425,0.49579516475208324
388,2008-1266-1246,0.7415053174818388
389,2008-1277-1396,0.30895900858087055
390,2008-1323-1206,0.32286641521266946
391,2008-1338-1331,0.6731008637208419
392,2008-1345-1124,0.2664001787750074
393,2008-1390-1165,0.7984531615365659
394,2008-1401-1140,0.4202293409443734
395,2008-1417-1290,0.07375220456992915
396,2008-1424-1245,0.4763922094222591
397,2008-1450-1457,0.6525203579240694
398,2008-1452-1112,0.6275811821474593
399,2008-1458-1168,0.8697512745016767
400,2008-1462-1208,0.3248462636037497
401,2008-1116-1231,0.39113506612452226
402,2008-1139-1375,0.3608706199846472
403,2008-1172-1211,0.5664075530477064
404,2008-1207-1420,0.19892143469990006
405,2008-1257-1129,0.7976691271314699
406,2008-1272-1426,0.8256876544293799
407,2008-1274-1388,0.37858087441641236
408,2008-1280-1332,0.40476263617709207
409,2008-1314-1291,0.8925288657296611
410,2008-1328-1386,0.5509451180721369
411,2008-1360-1163,0.407342331514998
412,2008-1373-1435,0.6151049830777413
413,2008-1397-1110,0.852450307069307
414,2008-1400-1122,0.884689939019581
415,2008-1437-1155,0.4362950677663416
416,2008-1443-1179,0.5028029469041551
417,2008-1242-1424,0.7663430737657667
418,2008-1277-1338,0.33400641889951327
419,2008-1390-1266,0.2617319028002188
420,2008-1417-1401,0.8471735231421988
421,2008-1450-1323,0.3180732923816066
422,2008-1452-1181,0.41193433554089176
423,2008-1458-1243,0.21068090600671244
424,2008-1462-1345,0.6380300714319629
425,2008-1172-1207,0.5791116466877866
426,2008-1257-1328,0.6821851089053116
427,2008-1272-1280,0.7170936370623672
428,2008-1314-1116,0.12146403864434904
429,2008-1397-1139,0.655585178458475
430,2008-1400-1274,0.7929186177325982
431,2008-1437-1373,0.7762514080055298
432,2008-1443-1360,0.8172930441273148
433,2008-1257-1397,0.48015139340350343
434,2008-1314-1450,0.7359820360396302
435,2008-1417-1443,0.15186171530768228
436,2008-1462-1452,0.43873056311744857
437,2008-1172-1458,0.4412163048215453
438,2008-1242-1437,0.781752484640218
439,2008-1272-1277,0.16019531197266249
440,2008-1400-1390,0.7026781255366431
441,2008-1314-1257,0.6881104209438238
442,2008-1417-1462,0.7265259264228225
443,2008-1242-1172,0.7530310465439838
444,2008-1272-1400,0.17870820980785906
445,2008-1242-1314,0.4643260149985291
446,2008-1272-1417,0.28373659856907807
447,2008-1242-1272,0.2475615143116768
448,2009-1287-1106,0.6727499678430904
449,2009-1163-1151,0.8290354012171893
450,2009-1181-1127,0.8103195705798983
451,2009-1211-1103,0.7996986329992565
452,2009-1261-1139,0.3276147673912321
453,2009-1268-1143,0.6522362722681885
454,2009-1272-1169,0.7954154733562996
455,2009-1276-1155,0.5568617122801375
456,2009-1314-1347,0.079273735639984
457,2009-1328-1288,0.1783815661903896
458,2009-1345-1320,0.28196174645498134
459,2009-1400-1278,0.42598451510486574
460,2009-1401-1140,0.3449288323043369
461,2009-1417-1433,0.7469964836453095
462,2009-1437-1110,0.7977463334877087
463,2009-1443-1228,0.30270747285389626
464,2009-1449-1280,0.26344265858537896
465,2009-1112-1428,0.63094423481389
466,2009-1113-1396,0.22313859931268323
467,2009-1156-1448,0.48460548048715907
468,2009-1173-1452,0.5543313797884568
469,2009-1242-1295,0.30815812355735794
470,2009-1257-1287,0.19075479486904118
471,2009-1266-1429,0.530016900489323
472,2009-1277-1352,0.23367138806206145
473,2009-1281-1165,0.7305834505512823
474,2009-1329-1397,0.5780431203387022
475,2009-1338-1190,0.8109742636792775
476,2009-1373-1326,0.6843053545735303
477,2009-1393-1372,0.29530722637515194
478,2009-1425-1130,0.6863370241255824
479,2009-1458-1199,0.529687904858852
480,2009-1462-1340,0.6839096576268937
481,2009-1163-1401,0.1561939522753961
482,2009-1181-1400,0.8399494582545618
483,2009-1211-1443,0.2090250327008816
484,2009-1272-1268,0.16174642747154688
485,2009-1314-1261,0.1602875520624952
486,2009-1328-1276,0.6022515501988133
487,2009-1345-1449,0.37050574364634675
488,2009-1437-1417,0.43373472765114834
489,2009-1112-1156,0.7246437501682925
490,2009-1242-1173,0.7419385657409042
491,2009-1257-1373,0.19872987008089585
492,2009-1277-1425,0.2892065760304754
493,2009-1281-1266,0.5878367783103643
494,2009-1338-1329,0.2541905575911025
495,2009-1393-1113,0.7369634730507951
496,2009-1462-1458,0.6767142977446354
497,2009-1163-1345,0.18752511506086306
498,2009-1281-1272,0.6076235963586974
499,2009-1338-1462,0.680112247394734
500,2009-1437-1181,0.5834599577493724
501,2009-1257-1112,0.14056728113388758
502,2009-1277-1242,0.3679532593365763
503,2009-1314-1211,0.5739443250735058
504,2009-1328-1393,0.5280252057078275
505,2009-1163-1281,0.19580635273256888
506,2009-1437-1338,0.3169894696562943
507,2009-1277-1257,0.37663947966395783
508,2009-1314-1328,0.3040756306482044
509,2009-1277-1163,0.3037168803471488
510,2009-1314-1437,0.7921011733718054
511,2009-1314-1277,0.566973560593871
512,2010-1115-1457,0.4352882578970129
513,2010-1124-1358,0.09933303219736885
514,2010-1139-1431,0.3148167613067722
515,2010-1140-1196,0.37335851919943713
516,2010-1242-1250,0.886814210522105
517,2010-1243-1317,0.7342075370078978
518,2010-1246-1190,0.13456917804632137
519,2010-1293-1435,0.4982074412244006
520,2010-1307-1285,0.23281366265133693
521,2010-1320-1424,0.5952473500491695
522,2010-1325-1207,0.2524280182036389
523,2010-1330-1323,0.7191270530056711
524,2010-1388-1350,0.33909918902037395
525,2010-1397-1361,0.6114907613974739
526,2010-1437-1352,0.1713542476062893
527,2010-1448-1400,0.6449530697631256
528,2010-1449-1266,0.3893472937321976
529,2010-1143-1257,0.33750177016873756
530,2010-1165-1396,0.269061093136184
531,2010-1181-1115,0.8465119173313307
532,2010-1210-1329,0.4424367347881633
533,2010-1211-1199,0.3380589288855029
534,2010-1268-1222,0.19724408624997963
535,2010-1277-1308,0.7063735587045007
536,2010-1281-1155,0.2836498121012117
537,2010-1326-1364,0.08650228934153738
538,2010-1338-1324,0.56635004005058
539,2010-1345-1373,0.6586671963592157
540,2010-1393-1436,0.6704691274663617
541,2010-1401-1429,0.5637169958141505
542,2010-1452-1288,0.8104335641508479
543,2010-1458-1459,0.21152549989061742
544,2010-1462-1278,0.4103490748988847
545,2010-1124-1330,0.6619677480891704
546,2010-1139-1293,0.24277507795783132
547,2010-1243-1140,0.38030751478675545
548,2010-1246-1448,0.7786237737184526
549,2010-1320-1242,0.23446672813030378
550,2010-1388-1437,0.44891926677151683
551,2010-1397-1325,0.18316123638596526
552,2010-1449-1307,0.39437481850497697
553,2010-1165-1458,0.5201172966540655
554,2010-1181-1143,0.7352321090158721
555,2010-1277-1268,0.3671990116620332
556,2010-1326-1210,0.7496493988151245
557,2010-1345-1401,0.6341095090243088
558,2010-1393-1211,0.17856076223190248
559,2010-1452-1281,0.16594627363897302
560,2010-1462-1338,0.3858361228558748
561,2010-1139-1393,0.38385671972171825
562,2010-1243-1462,0.5697193933438274
563,2010-1246-1165,0.1615122586740913
564,2010-1452-1449,0.21238001409104718
565,2010-1124-1388,0.18694311774595834
566,2010-1181-1345,0.24067803412426514
567,2010-1277-1320,0.608136718250968
568,2010-1397-1326,0.5867919255796206
569,2010-1139-1243,0.5027062906676417
570,2010-1452-1246,0.3592353665515201
571,2010-1181-1124,0.49359940695619403
572,2010-1277-1397,0.5237465237343217
573,2010-1139-1277,0.5166555216542057
574,2010-1181-1452,0.30571351989270823
575,2010-1181-1139,0.5814262440541245
576,2011-1155-1412,0.5007668410779217
577,2011-1421-1114,0.8101642828986928
578,2011-1427-1106,0.68490889151236
579,2011-1433-1425,0.4516588476170038
580,2011-1139-1330,0.46480273930592647
581,2011-1140-1459,0.8009849859881994
582,2011-1153-1281,0.3298702380435586
583,2011-1163-1137,0.12777136542704423
584,2011-1196-1364,0.8367794607702936
585,2011-1211-1385,0.5130460553062087
586,2011-1243-1429,0.6482982512500962
587,2011-1246-1343,0.7277840047180401
588,2011-1287-1257,0.2938316489696289
589,2011-1338-1421,0.16258980196346642
590,2011-1350-1435,0.5024619303636179
591,2011-1361-1294,0.8585185995943168
592,2011-1396-1336,0.6491786055826986
593,2011-1417-1277,0.4894748949887504
594,2011-1452-1155,0.6758826552628426
595,2011-1458-1125,0.27497371113377994
596,2011-1112-1272,0.6644890569538708
597,2011-1181-1214,0.7739679840522119
598,2011-1199-1401,0.5216222479743561
599,2011-1206-1437,0.6724761611833744
600,2011-1228-1424,0.5735159846180813
601,2011-1242-1131,0.7628378450756454
602,2011-1266-1462,0.48732539285342813
603,2011-1276-1397,0.4793872742140514
604,2011-1314-1254,0.7142014066746611
605,2011-1323-1103,0.23217461805480666
606,2011-1326-1427,0.8586535362419786
607,2011-1345-1389,0.7412064416479628
608,2011-1393-1232,0.1958987402527539
609,2011-1400-1324,0.8313257294916037
610,2011-1433-1207,0.6241781834802176
611,2011-1449-1208,0.25485339982816385
612,2011-1139-1338,0.240307090091577
613,2011-1140-1211,0.6200859427471763
614,2011-1163-1153,0.1979193620504093
615,2011-1196-1417,0.2150569012628118
616,2011-1246-1452,0.7127927399469937
617,2011-1350-1287,0.2924451087006029
618,2011-1361-1396,0.647231286509292
619,2011-1458-1243,0.3420152701013501
620,2011-1112-1400,0.5352682119138447
621,2011-1181-1276,0.3540348203931235
622,2011-1199-1323,0.4070001763010078
623,2011-1242-1228,0.1840548743551502
624,2011-1266-1393,0.5308938201878404
625,2011-1314-1449,0.2677282351295174
626,2011-1326-1206,0.1289351497490201
627,2011-1433-1345,0.24706699694541856
628,2011-1112-1181,0.493714794428528
629,2011-1139-1458,0.35394188619690187
630,2011-1163-1361,0.15336994604429044
631,2011-1196-1140,0.4639731728685111
632,2011-1242-1350,0.14552248281558475
633,2011-1246-1326,0.3172532084949507
634,2011-1314-1266,0.2517102062485391
635,2011-1433-1199,0.4062067708531513
636,2011-1139-1196,0.4279640849521834
637,2011-1163-1112,0.19187911580377548
638,2011-1246-1314,0.17876246083218375
639,2011-1433-1242,0.5839678918919132
640,2011-1139-1433,0.6843402307457054
641,2011-1163-1246,0.30172019640016273
642,2011-1163-1139,0.15311968123935374
643,2012-1140-1233,0.2621770318569352
644,2012-1443-1290,0.5920136372277889
645,2012-1378-1143,0.5989399888126626
646,2012-1436-1249,0.5593280644592493
647,2012-1124-1355,0.15425858820609428
648,2012-1160-1424,0.5252000202200733
649,2012-1211-1452,0.3089972457422782
650,2012-1231-1308,0.2501762114166119
651,2012-1235-1163,0.30283898305514917
652,2012-1243-1379,0.46162720016537545
653,2012-1246-1443,0.14178788641755494
654,2012-1257-1172,0.22815854556543402
655,2012-1266-1140,0.7242138244582786
656,2012-1293-1161,0.2329601288477873
657,2012-1307-1253,0.518256196585689
658,2012-1326-1259,0.8466198139852184
659,2012-1393-1421,0.25887903229476805
660,2012-1433-1455,0.45545102326242204
661,2012-1435-1217,0.23148610632682295
662,2012-1458-1285,0.8129030025749945
663,2012-1153-1400,0.5554364457618289
664,2012-1166-1104,0.43594599326688505
665,2012-1196-1438,0.7500392834776598
666,2012-1199-1382,0.2878629612131946
667,2012-1207-1125,0.7932037912630496
668,2012-1242-1178,0.7496341748646073
669,2012-1250-1181,0.5266440646317248
670,2012-1277-1254,0.1961663643341465
671,2012-1301-1361,0.5934616032539881
672,2012-1313-1281,0.26303251009132067
673,2012-1314-1436,0.7830647091166701
674,2012-1325-1276,0.4401876918052774
675,2012-1345-1388,0.4933563953641505
676,2012-1378-1396,0.5525945412326473
677,2012-1387-1272,0.4259694616141475
678,2012-1462-1323,0.5654454355505284
679,2012-1124-1160,0.20398275421736026
680,2012-1231-1433,0.2975620210588861
681,2012-1246-1235,0.766920388181225
682,2012-1257-1307,0.2058095407786141
683,2012-1266-1293,0.44602712453633564
684,2012-1326-1211,0.14211094079740308
685,2012-1393-1243,0.6524013608435352
686,2012-1458-1435,0.639991587368508
687,2012-1153-1199,0.47513462161641984
688,2012-1196-1313,0.8485384980766555
689,2012-1242-1345,0.1782286854960867
690,2012-1277-1387,0.24908356004342427
691,2012-1301-1207,0.3957718253395146
692,2012-1314-1166,0.20452033382908008
693,2012-1325-1378,0.6713994678350517
694,2012-1462-1250,0.547311993307793
695,2012-1196-1266,0.43171215493267157
696,2012-1257-1277,0.44307510027006114
697,2012-1326-1153,0.25104027773362586
698,2012-1393-1458,0.5444365502646076
699,2012-1124-1462,0.7139872156927197
700,2012-1242-1301,0.8310365113185659
701,2012-1246-1231,0.12749833498733398
702,2012-1314-1325,0.7360904968163341
703,2012-1257-1196,0.35963549732897954
704,2012-1326-1393,0.38532848853652235
705,2012-1242-1314,0.3856416078185632
706,2012-1246-1124,0.7702918897232498
707,2012-1242-1326,0.4487180220568844
708,2012-1246-1257,0.17930060147785065
709,2012-1246-1242,0.24897648207548462
710,2013-1299-1251,0.4010553007989844
711,2013-1388-1292,0.4962507510747322
712,2013-1241-1254,0.6966428917290483
713,2013-1247-1129,0.6726952629917804
714,2013-1112-1125,0.5936295379986767
715,2013-1139-1137,0.6936368946301633
716,2013-1143-1424,0.5606228717736743
717,2013-1161-1281,0.463988245972616
718,2013-1211-1380,0.09163671595995479
719,2013-1217-1307,0.28316920014561353
720,2013-1257-1299,0.8425203101504921
721,2013-1266-1172,0.6565341556760177
722,2013-1272-1388,0.601418182880178
723,2013-1276-1355,0.7828046641814896
724,2013-1277-1434,0.6862063809281465
725,2013-1332-1329,0.3277323042484145
726,2013-1387-1308,0.2858418203493967
727,2013-1393-1285,0.6921445357724059
728,2013-1433-1103,0.3589894476376139
729,2013-1455-1338,0.4677685661307365
730,2013-1166-1153,0.616733899276847
731,2013-1181-1107,0.8316302010629232
732,2013-1195-1207,0.3010090147549204
733,2013-1196-1322,0.13660664269434122
734,2013-1228-1160,0.3296069642561082
735,2013-1231-1241,0.16227863413934254
736,2013-1235-1323,0.6295628148993284
737,2013-1242-1443,0.7572503333487628
738,2013-1247-1243,0.42511705187892584
739,2013-1274-1334,0.7957406234279801
740,2013-1278-1417,0.5721954482370034
741,2013-1279-1458,0.5160618161488185
742,2013-1314-1437,0.30313792136210477
743,2013-1326-1233,0.18074560996911884
744,2013-1361-1328,0.4406448340908849
745,2013-1396-1301,0.42288308309256156
746,2013-1112-1217,0.21391042598425916
747,2013-1257-1161,0.17340456951628627
748,2013-1266-1139,0.5217193181837612
749,2013-1276-1433,0.6252756075010704
750,2013-1277-1272,0.26958186941058415
751,2013-1332-1387,0.44395864544653296
752,2013-1393-1143,0.24789842516666982
753,2013-1455-1211,0.7377953629611507
754,2013-1181-1166,0.3185406639842907
755,2013-1195-1361,0.37626619805799394
756,2013-1196-1278,0.885109865940795
757,2013-1231-1396,0.7786471404782662
758,2013-1242-1314,0.19091739825396717
759,2013-1247-1279,0.4863639542121044
760,2013-1274-1228,0.2902934739015561
761,2013-1326-1235,0.7355818112791989
762,2013-1266-1274,0.559869396306879
763,2013-1326-1112,0.2797091011700022
764,2013-1393-1231,0.4019812781006458
765,2013-1455-1247,0.5239831267316684
766,2013-1181-1277,0.7111055740403232
767,2013-1196-1195,0.20651089955713892
768,2013-1257-1332,0.2581313758062003
769,2013-1276-1242,0.4898008852771386
770,2013-1393-1266,0.2650503360726353
771,2013-1455-1326,0.5179124368830711
772,2013-1257-1181,0.6109117572834561
773,2013-1276-1196,0.46204943738507026
774,2013-1257-1455,0.20435352269210588
775,2013-1276-1393,0.580788494003607
776,2013-1257-1276,0.2757512354965138
777,2014-1107-1291,0.40538131528546756
778,2014-1301-1462,0.7315727990389096
779,2014-1142-1411,0.5150782821436891
780,2014-1397-1234,0.5675882918951031
781,2014-1163-1386,0.27624994820443605
782,2014-1173-1326,0.3660374317133745
783,2014-1196-1107,0.872364089180443
784,2014-1217-1153,0.5036704862050064
785,2014-1257-1264,0.15531393524633594
786,2014-1276-1459,0.8279705226208599
787,2014-1277-1174,0.2119260953670923
788,2014-1295-1328,0.4393020376328758
789,2014-1332-1140,0.6595170782941011
790,2014-1338-1160,0.33194549432015313
791,2014-1361-1308,0.2357571496989669
792,2014-1387-1301,0.40662140519244283
793,2014-1393-1444,0.7123695014175679
794,2014-1400-1113,0.33016716095997295
795,2014-1437-1454,0.2338742314659833
796,2014-1458-1110,0.09165746626286164
797,2014-1112-1451,0.9044489352218512
798,2014-1124-1304,0.7676544017515935
799,2014-1166-1418,0.360317887136761
800,2014-1211-1329,0.26842069647483624
801,2014-1235-1300,0.2500747366742449
802,2014-1242-1184,0.7331774030019734
803,2014-1246-1243,0.8790950781832234
804,2014-1272-1203,0.5837264989872949
805,2014-1273-1181,0.28372216972770326
806,2014-1314-1344,0.18161880429573823
807,2014-1372-1433,0.3364512408478895
808,2014-1390-1307,0.4875292843343974
809,2014-1397-1269,0.3125965547767226
810,2014-1417-1409,0.2464038706298866
811,2014-1438-1157,0.7252570059758796
812,2014-1455-1142,0.7604510092614353
813,2014-1163-1437,0.501364330088526
814,2014-1173-1393,0.5748022483497398
815,2014-1196-1338,0.12267455879427379
816,2014-1257-1387,0.8306082765659384
817,2014-1276-1400,0.39291014974780614
818,2014-1277-1217,0.777080108372855
819,2014-1361-1295,0.2759969483865717
820,2014-1458-1332,0.14826557260047632
821,2014-1112-1211,0.533304605440009
822,2014-1124-1166,0.3744343401680333
823,2014-1235-1314,0.5170620622454358
824,2014-1246-1455,0.3517942447173361
825,2014-1390-1242,0.24231023095319118
826,2014-1397-1273,0.4913479859992922
827,2014-1417-1372,0.19983233059480407
828,2014-1438-1272,0.26355471306309947
829,2014-1112-1361,0.40187319879698163
830,2014-1173-1390,0.4286254368821168
831,2014-1196-1417,0.6226812917300591
832,2014-1458-1124,0.20514011446447755
833,2014-1163-1235,0.34636477118173953
834,2014-1246-1257,0.6941501472079574
835,2014-1276-1397,0.7487472493586865
836,2014-1277-1438,0.3060248785225787
837,2014-1196-1173,0.7492662517578991
838,2014-1458-1112,0.3388395604854696
839,2014-1163-1277,0.4809648776914586
840,2014-1246-1276,0.6053059040733481
841,2014-1163-1196,0.4428460341255714
842,2014-1246-1458,0.5319353310329842
843,2014-1163-1246,0.45930582210899085
844,2015-1214-1264,0.5924573705173202
845,2015-1279-1140,0.5637940054280965
846,2015-1173-1129,0.6833878648863366
847,2015-1352-1316,0.538860134177461
848,2015-1112-1411,0.1342143139704921
849,2015-1116-1459,0.2563141956935095
850,2015-1139-1400,0.49104318700614535
851,2015-1153-1345,0.3883198651515755
852,2015-1207-1186,0.7600895706934148
853,2015-1209-1124,0.3887411651878984
854,2015-1246-1214,0.7752793091499814
855,2015-1301-1261,0.35026635482633356
856,2015-1314-1217,0.19370072640073854
857,2015-1323-1318,0.8417342811429929
858,2015-1326-1433,0.4415844619600668
859,2015-1412-1235,0.33726844436899245
860,2015-1417-1374,0.537721834972482
861,2015-1428-1372,0.49182344588718796
862,2015-1437-1248,0.15897065683688483
863,2015-1462-1279,0.7668097944284344
864,2015-1173-1344,0.3694633284144752
865,2015-1181-1352,0.3119047249898674
866,2015-1211-1295,0.12286232834319419
867,2015-1234-1172,0.5774105463138361
868,2015-1242-1308,0.8069124021266014
869,2015-1257-1414,0.19369330293658185
870,2015-1268-1434,0.765904751601425
871,2015-1277-1208,0.7036684403348035
872,2015-1320-1461,0.8197940845452254
873,2015-1328-1107,0.8838202904266947
874,2015-1332-1329,0.31638225729226704
875,2015-1361-1385,0.6557231141607576
876,2015-1438-1125,0.9033959400331122
877,2015-1452-1138,0.2640697398959404
878,2015-1455-1231,0.21474601508591648
879,2015-1458-1157,0.11434753356278787
880,2015-1112-1326,0.19687567345773685
881,2015-1246-1153,0.8178340307923745
882,2015-1301-1437,0.3206996618176577
883,2015-1314-1116,0.25907330114527954
884,2015-1323-1139,0.7933726557220854
885,2015-1417-1412,0.38060765700554716
886,2015-1428-1207,0.5636694464132361
887,2015-1462-1209,0.41524198459118683
888,2015-1181-1361,0.3914311933644907
889,2015-1211-1234,0.8881789592666128
890,2015-1257-1320,0.23503565056265768
891,2015-1277-1438,0.6068173882566477
892,2015-1328-1173,0.20648568117304225
893,2015-1452-1268,0.4839623061182361
894,2015-1455-1242,0.34756877518299817
895,2015-1458-1332,0.7868692884794974
896,2015-1112-1462,0.21214550164528875
897,2015-1246-1452,0.8235330751878444
898,2015-1323-1455,0.19313476796048135
899,2015-1458-1314,0.466481551267489
900,2015-1181-1428,0.3219489222719247
901,2015-1211-1417,0.32831869328106944
902,2015-1257-1301,0.634812531485049
903,2015-1277-1328,0.39775375648742645
904,2015-1246-1323,0.7123778699828166
905,2015-1458-1112,0.5623216494437037
906,2015-1181-1211,0.2997444461413259
907,2015-1277-1257,0.5127453601302346
908,2015-1181-1277,0.8970451252291166
909,2015-1458-1246,0.4412385722244358
910,2015-1181-1458,0.3270418005703559
911,2016-1195-1192,0.7743698299639976
912,2016-1455-1435,0.5658602848224648
913,2016-1221-1380,0.5856126120147881
914,2016-1276-1409,0.7963228717364625
915,2016-1114-1345,0.2733169816295165
916,2016-1139-1403,0.5775937958936317
917,2016-1163-1160,0.6342809347906075
918,2016-1181-1423,0.6593531129075819
919,2016-1211-1371,0.7612260072587944
920,2016-1231-1151,0.1773113069753516
921,2016-1235-1233,0.29429955183120743
922,2016-1242-1122,0.08952003112318646
923,2016-1246-1392,0.7292057828528982
924,2016-1274-1138,0.09806881724655818
925,2016-1314-1195,0.1382761861022006
926,2016-1344-1425,0.3514005097805615
927,2016-1428-1201,0.7613754462068072
928,2016-1438-1214,0.8900617234144013
929,2016-1455-1112,0.4332476671931674
930,2016-1463-1124,0.4801416337132715
931,2016-1218-1143,0.4648226495849957
932,2016-1234-1396,0.3113447996549043
933,2016-1268-1355,0.22735537880570966
934,2016-1292-1277,0.18187984536326324
935,2016-1320-1400,0.3695778367020851
936,2016-1323-1276,0.3422942623830104
937,2016-1328-1167,0.12412899936106704
938,2016-1332-1221,0.1496914164885974
939,2016-1372-1452,0.4657097631042426
940,2016-1386-1153,0.35730296693149466
941,2016-1393-1173,0.46142226652877166
942,2016-1401-1453,0.8325491723696127
943,2016-1433-1333,0.6785830258384099
944,2016-1437-1421,0.8126831750652452
945,2016-1458-1338,0.3576837078357358
946,2016-1462-1451,0.20100981421325503
947,2016-1181-1463,0.3301673181849272
948,2016-1211-1428,0.4123500038724775
949,2016-1231-1246,0.40010722927875386
950,2016-1235-1114,0.2814231895081069
951,2016-1242-1163,0.11129124554974648
952,2016-1274-1455,0.31640389131732993
953,2016-1314-1344,0.15964023480381004
954,2016-1438-1139,0.1310171795079058
955,2016-1268-1218,0.6662362634222871
956,2016-1323-1372,0.31470238816382473
957,2016-1328-1433,0.13135591683884265
958,2016-1332-1386,0.689552616051483
959,2016-1393-1292,0.40765586744111865
960,2016-1401-1320,0.3737101558017124
961,2016-1437-1234,0.18153806222513735
962,2016-1458-1462,0.6605908374321319
963,2016-1242-1268,0.1369340407316693
964,2016-1328-1401,0.20995388966697434
965,2016-1332-1181,0.5018099851840109
966,2016-1437-1274,0.5174390102089085
967,2016-1314-1231,0.2657380242478208
968,2016-1323-1458,0.2463348764349957
969,2016-1393-1211,0.5438506716951831
970,2016-1438-1235,0.23032002446083805
971,2016-1328-1332,0.4464147998628386
972,2016-1437-1242,0.3643839097845544
973,2016-1314-1323,0.1996489559400462
974,2016-1393-1438,0.2970194876474987
975,2016-1314-1393,0.5968402089476237
976,2016-1437-1328,0.613956141589197
977,2016-1437-1314,0.5855742118264303
978,2017-1243-1448,0.6186844295982025
979,2017-1291-1309,0.7361902532465482
980,2017-1413-1300,0.5286926330870354
981,2017-1425-1344,0.6545909263522854
982,2017-1112-1315,0.11803562600454376
983,2017-1139-1457,0.7209907169671298
984,2017-1196-1190,0.13274064827988202
985,2017-1199-1195,0.22759704145936593
986,2017-1211-1355,0.19598267993716662
987,2017-1235-1305,0.624021796789705
988,2017-1292-1278,0.26780734183354193
989,2017-1321-1435,0.488558520928744
990,2017-1323-1343,0.1882594269925508
991,2017-1345-1436,0.4556691844066438
992,2017-1388-1433,0.7617551044652052
993,2017-1437-1291,0.9072129817186588
994,2017-1438-1423,0.27171091177509277
995,2017-1452-1137,0.7329874941558561
996,2017-1458-1439,0.6568200823440968
997,2017-1462-1268,0.41225173347331395
998,2017-1116-1371,0.3148515844674506
999,2017-1124-1308,0.859554394077308
1000,2017-1153-1243,0.7847801703246328
1001,2017-1181-1407,0.24087631948634514
1002,2017-1242-1413,0.08410566128494595
1003,2017-1246-1297,0.12094070955442997
1004,2017-1257-1240,0.16416423109222966
1005,2017-1276-1329,0.21966196819606157
1006,2017-1277-1274,0.6635150247844345
1007,2017-1314-1411,0.1537935435534983
1008,2017-1332-1233,0.7539249161510867
1009,2017-1348-1166,0.4780901700923512
1010,2017-1376-1266,0.6660714921449791
1011,2017-1417-1245,0.20768301367771722
1012,2017-1425-1374,0.6094173259242088
1013,2017-1455-1173,0.6687820935368303
1014,2017-1112-1388,0.5154069307709302
1015,2017-1139-1292,0.26330059915566223
1016,2017-1196-1438,0.28752011319821646
1017,2017-1211-1321,0.14570939141751846
1018,2017-1345-1235,0.3968764699722442
1019,2017-1452-1323,0.3644330517996476
1020,2017-1458-1437,0.6957365676767476
1021,2017-1462-1199,0.3388588631673097
1022,2017-1124-1425,0.2437687130428773
1023,2017-1242-1277,0.2983346942484015
1024,2017-1246-1455,0.6052911415404526
1025,2017-1276-1257,0.3715382907091602
1026,2017-1314-1116,0.7059743395910629
1027,2017-1332-1348,0.7238976364151198
1028,2017-1376-1181,0.4205262861112669
1029,2017-1417-1153,0.5012783946618229
1030,2017-1211-1452,0.7476568271736723
1031,2017-1242-1345,0.7498241728090247
1032,2017-1332-1276,0.26987308359779594
1033,2017-1462-1112,0.6149947860563398
1034,2017-1196-1458,0.2237731936261636
1035,2017-1246-1417,0.6336435923189636
1036,2017-1314-1139,0.617556913458958
1037,2017-1376-1124,0.5721035755633446
1038,2017-1211-1462,0.24559105825675345
1039,2017-1332-1242,0.3096901189715405
1040,2017-1314-1246,0.42331160775974236
1041,2017-1376-1196,0.49837811078759553
1042,2017-1211-1376,0.1205369479515157
1043,2017-1314-1332,0.24840260917674006
1044,2017-1314-1211,0.48366629727087607
1045,2018-1382-1417,0.46475339567444085
1046,2018-1347-1254,0.4841762895688383
1047,2018-1393-1113,0.6605792363487962
1048,2018-1411-1300,0.8140114783289883
1049,2018-1348-1328,0.45091121398486045
1050,2018-1242-1335,0.07766818431372192
1051,2018-1211-1422,0.6988312525350556
1052,2018-1181-1233,0.339517003819016
1053,2018-1397-1460,0.7981526534611729
1054,2018-1326-1355,0.25949870183324847
1055,2018-1104-1439,0.4694477600533328
1056,2018-1138-1112,0.5917825254655351
1057,2018-1276-1285,0.23159583094851816
1058,2018-1246-1172,0.3024268745997469
1059,2018-1222-1361,0.23399536040703614
1060,2018-1371-1301,0.4574751814042745
1061,2018-1345-1168,0.8523538792908782
1062,2018-1196-1382,0.5232263620583039
1063,2018-1437-1347,0.076477059614709
1064,2018-1420-1438,0.8269481648682296
1065,2018-1403-1372,0.39264338743026683
1066,2018-1401-1344,0.6321852058157349
1067,2018-1199-1281,0.6487516056689918
1068,2018-1314-1252,0.6595792995641796
1069,2018-1462-1411,0.7986558176744284
1070,2018-1243-1166,0.4956437158648826
1071,2018-1305-1400,0.657022096879597
1072,2018-1260-1274,0.32862068920229615
1073,2018-1153-1209,0.17983317740865581
1074,2018-1393-1395,0.32037512062273543
1075,2018-1155-1308,0.7038344555245084
1076,2018-1120-1158,0.3050254580659243
1077,2018-1277-1137,0.5843629469102594
1078,2018-1139-1116,0.4585794600622101
1079,2018-1452-1293,0.7964839328299528
1080,2018-1267-1455,0.25577084943868533
1081,2018-1437-1104,0.21708798343884486
1082,2018-1242-1371,0.1422565729446807
1083,2018-1181-1348,0.33072567882083015
1084,2018-1211-1326,0.1751944456161203
1085,2018-1260-1397,0.3163017529487733
1086,2018-1276-1222,0.5478003704101659
1087,2018-1403-1196,0.3064866785434479
1088,2018-1246-1138,0.6897969522633732
1089,2018-1345-1139,0.22559526801050647
1090,2018-1452-1267,0.7224425124512123
1091,2018-1393-1277,0.37127114043069565
1092,2018-1155-1120,0.5420679543365364
1093,2018-1243-1420,0.7598723373800903
1094,2018-1305-1153,0.6867246588148296
1095,2018-1199-1462,0.413410070535148
1096,2018-1401-1314,0.6936425156939653
1097,2018-1243-1246,0.6024677233872894
1098,2018-1260-1305,0.5188628664934387
1099,2018-1199-1211,0.25016022573131336
1100,2018-1276-1401,0.14910109547787406
1101,2018-1437-1452,0.6936875088411184
1102,2018-1403-1345,0.6092504297547747
1103,2018-1242-1155,0.17968279779408397
1104,2018-1181-1393,0.7353766483575933
1105,2018-1437-1403,0.6611772007409039
1106,2018-1242-1181,0.42341212621505436
1107,2018-1260-1243,0.5890362530764479
1108,2018-1276-1199,0.2867259976110781
1109,2018-1437-1242,0.384430614572554
1110,2018-1276-1260,0.24527108431058575
1111,2018-1437-1276,0.2095532492190815
